epoch,accuracy,loss,val_accuracy,val_loss
0,0.2273000031709671,2.078728675842285,0.3393999934196472,1.8599607944488525
